"Name","Email","Password","System IP","Active"
"Billie Cowley","billie.cowley@example.com","Welcome61@","172.16.3.34","1"
"Billie Tinnes","billie.tinnes@example.com","Welcome62@...","172.16.3.35","1"
"Boris Catino","boris.catino@example.com","Welcome63@","172.16.3.36","1"
"Bow Ruggeri","bow.ruggeri@example.com","Welcome64@","172.16.3.37",""
"Bradly Hasselvander","bradly.hasselvander@example.com","Welcome65@?","172.16.3.38","1"
"Brant Darnel","brant.darnel@example.com","WELCOME66@","172.16.3.39","1"
"Brendan Qin","brendan.qin@example.com","welcome67@","172.16.3.40","1"
"Brent Vaidya","brent.vaidya@example.com","Welcome68@","172.16.3.41",""
"Brice Hedglin","brice.hedglin@example.com","Welcome69@","172.16.3.42",""
"Bridget Bottella","bridget.bottella@example.com","Welcome70@","172.16.3.43","1"
"Bridget Knightly","bridgetknightly@example.com","Wel71@","172.16.3.44","1"
"Bridgett Retort","bridgett retort@example.com","Welcome72@","172.16.3.45","1"
"Bryan Rovell","bryan.rovell@exampl","","172.16.3.46","1"
"Bryant Bouliouris","bryant.bouliourisexample.com","WELCOME74@","172.16.3.47","1"
"Bud Richman","bud.richman@example.com","Welcome75@","172.16.3.48","1"
"Burton Brining","burton.brining@example.com","Welcome76@","172.x.x.x","1"
"Buster Wubbel","buster.wubbel@example.com","Welcome77@","172.16.3.50","1"
"Byron Fortuna","byron.fortuna@example.com","Welcome78@","172.16.3.51","1"
"Caitlin Reiniger","caitlin.reiniger@example.com","Welcome79@","172.16.3.52","1"
"Callie Leboeuf","callie.leboeuf@example.com","Welcome80@","172.16.3.53","1"
"Candice Bruckman","candice.bruckman@example.com","WELCOME81@","172.16.3.54",""
"Carla Humble","carla.humble@example.com","Welcome82@","172.16.3.55.7878","1"
"Carla Sirbaugh","carla sirbaugh@example.com","Welcome83@","888.16.3.56","1"
"Carmel Overfelt","carmel.overfelt@example.com","Welcome84@","172.16.3.57","1"
"Carmella Wishman","carmella.wishman@example","Welcome85@","172.16.3.58","1"
"Bertram Q","bertram  quertermousQ@example","Welcome55@","172.16.3.28","1"
"Bertram Quertermous","bertram  quertermous@example","Welcome55@","172.16.3.28","1"
